Date,TM,Mkt-RF,SMB,HML,RF,TM_RF
1991-11,-0.07291686030722921,-0.04190000000000001,-0.005,-0.018799999999999997,0.0039000000000000003,-0.07681686030722921
1991-12,0.07826764795310726,0.1084,-0.022400000000000003,-0.0418,0.0038,0.07446764795310726
1992-01,-0.031413807982169084,-0.0059,0.08460000000000001,0.047,0.0034000000000000002,-0.034813807982169084
1992-02,-0.03243216245754643,0.0109,0.0087,0.0647,0.0028000000000000004,-0.03523216245754643
1992-03,-0.07821248854008589,-0.026600000000000002,-0.0104,0.0355,0.0034000000000000002,-0.08161248854008589
1992-04,0.07878814992836936,0.010700000000000001,-0.060599999999999994,0.0432,0.0032,0.07558814992836936
1992-05,0.05056168046398346,0.003,0.0040999999999999995,0.011899999999999999,0.0028000000000000004,0.047761680463983464
1992-06,-0.010280564863616948,-0.023399999999999997,-0.030699999999999998,0.0325,0.0032,-0.013480564863616947
1992-07,-0.032608432118462094,0.0377,-0.0051,-0.0055000000000000005,0.0031,-0.03570843211846209
1992-08,0.05056183424174354,-0.023799999999999998,-0.0014000000000000002,-0.0108,0.0026,0.047961834241743544
1992-09,-0.01069554544802076,0.011899999999999999,0.0049,-0.0023,0.0026,-0.01329554544802076
1992-10,-0.02162167449444885,0.0102,0.021,-0.019799999999999998,0.0023,-0.02392167449444885
1992-11,0.005525014543440898,0.041299999999999996,0.0379,-0.014199999999999999,0.0023,0.003225014543440898
1992-12,0.03798320511386444,0.015300000000000001,0.0167,0.0265,0.0028000000000000004,0.03518320511386444
1993-01,-0.0425533938797682,0.009300000000000001,0.018500000000000003,0.059500000000000004,0.0023,-0.044853393879768194
1993-02,0.016666410762002037,0.0012,-0.0349,0.0644,0.0022,0.014466410762002037
1993-03,0.15300568218976696,0.023,0.0023,0.011899999999999999,0.0025,0.15050568218976695
1993-04,0.19905228944111775,-0.0305,-0.0068000000000000005,0.0248,0.0024,0.19665228944111773
1993-05,-0.035573068215441705,0.028900000000000002,0.0208,-0.035,0.0022,-0.037773068215441706
1993-06,-0.05228857728167102,0.0031,-0.0026,0.027200000000000002,0.0025,-0.054788577281671025
1993-07,0.08695652644181484,-0.0034000000000000002,0.009000000000000001,0.0282,0.0024,0.08455652644181484
1993-08,0.023999931537942665,0.0371,0.0014000000000000002,0.0014000000000000002,0.0025,0.021499931537942666
1993-09,0.011718814531318511,-0.0012,0.0298,-0.0034999999999999996,0.0026,0.009118814531318511
1993-10,0.06177604582937524,0.0141,0.0203,-0.0278,0.0022,0.059576045829375236
1993-11,-0.1309089007732558,-0.0189,-0.0113,-0.0066,0.0025,-0.1334089007732558
1993-12,0.07577427410631565,0.0165,0.012,0.0027,0.0023,0.07347427410631566
1994-01,0.1289057654591077,0.0287,0.0051,0.0128,0.0025,0.1264057654591077
1994-02,0.07612514252278113,-0.0255,0.027999999999999997,-0.015600000000000001,0.0021,0.07402514252278113
1994-03,-0.022508489825032618,-0.0478,-0.011399999999999999,0.0155,0.0027,-0.02520848982503262
1994-04,0.023026788049549163,0.0068000000000000005,-0.0092,0.0166,0.0027,0.020326788049549162
1994-05,0.0482316362284998,0.0058,-0.0212,0.006999999999999999,0.0031,0.0451316362284998
1994-06,0.09864339076782991,-0.030299999999999997,-0.004,0.0167,0.0031,0.0955433907678299
1994-07,-0.04481750737458334,0.0282,-0.0176,0.005699999999999999,0.0028000000000000004,-0.04761750737458334
1994-08,0.00879749980885336,0.0401,0.0143,-0.025,0.0037,0.005097499808853359
1994-09,-0.04651204018106725,-0.0231,0.0311,-0.0184,0.0037,-0.05021204018106725
1994-10,0.06402488663616879,0.0134,-0.0226,-0.0163,0.0038,0.06022488663616879
1994-11,-0.0257881535238651,-0.0404,0.0031,-0.0073,0.0037,-0.0294881535238651
1994-12,-0.01036111102840842,0.0086,0.0019,-0.0009,0.0044,-0.014761111028408422
1995-01,-0.08059657028221201,0.018000000000000002,-0.0344,0.025099999999999997,0.0042,-0.084796570282212
1995-02,-0.06818192338517148,0.0363,-0.0066,0.0109,0.004,-0.07218192338517149
1995-03,0.11344891459810325,0.0219,-0.0021,-0.0208,0.0046,0.10884891459810325
1995-04,0.018867988388409973,0.021099999999999997,-0.0049,0.017,0.0044,0.014467988388409972
1995-05,-0.04012359007655486,0.028999999999999998,-0.0252,0.0227,0.0054,-0.04552359007655486
1995-06,0.022508116480271623,0.027200000000000002,0.0315,-0.0254,0.004699999999999999,0.017808116480271623
1995-07,0.047169663281414476,0.037200000000000004,0.0206,-0.0159,0.0045000000000000005,0.04266966328141447
1995-08,-0.0540540977314512,0.0055000000000000005,0.013600000000000001,0.0281,0.004699999999999999,-0.058754097731451196
1995-09,-0.023855231179356395,0.0335,-0.022000000000000002,-0.0005,0.0043,-0.028155231179356394
1995-10,-0.026229340744681084,-0.0152,-0.038,-0.0051,0.004699999999999999,-0.030929340744681084
1995-11,0.06060570411624844,0.039599999999999996,-0.0111,0.0058,0.0042,0.056405704116248435
1995-12,0.07301616987659898,0.0103,0.0072,0.0018,0.0049,0.06811616987659898
1996-01,0.023668557073059482,0.0226,-0.0273,0.004,0.0043,0.019368557073059484
1996-02,-0.008670587317056944,0.013300000000000001,0.0178,-0.010700000000000001,0.0039000000000000003,-0.012570587317056944
1996-03,0.04235157083066232,0.0073,0.0151,0.0036,0.0039000000000000003,0.03845157083066232
1996-04,0.022471777432193196,0.0206,0.052199999999999996,-0.0405,0.0046,0.017871777432193196
1996-05,0.0054946065136805,0.0236,0.0318,-0.0089,0.0042,0.0012946065136805003
1996-06,0.09562775447006078,-0.011399999999999999,-0.039900000000000005,0.023799999999999998,0.004,0.09162775447006077
1996-07,-0.03241839009046943,-0.059699999999999996,-0.0431,0.051399999999999994,0.0045000000000000005,-0.03691839009046943
1996-08,-0.007732006908263367,0.0277,0.0246,-0.0074,0.0040999999999999995,-0.011832006908263366
1996-09,0.06872564194199926,0.0501,-0.0098,-0.027000000000000003,0.0044,0.06432564194199926
1996-10,-0.07317072884303355,0.0086,-0.0444,0.049400000000000006,0.0042,-0.07737072884303355
1996-11,0.14999975292163836,0.0625,-0.0405,0.0139,0.0040999999999999995,0.14589975292163837
1996-12,0.052631944280705056,-0.017,0.0317,0.0132,0.0046,0.048031944280705056
1997-01,-0.10000003140125924,0.049800000000000004,-0.019299999999999998,-0.0146,0.0045000000000000005,-0.10450003140125924
1997-02,-0.00483090944679021,-0.0049,-0.032,0.056900000000000006,0.0039000000000000003,-0.008730909446790211
1997-03,-0.01618225319782085,-0.050199999999999995,-0.0034999999999999996,0.034,0.0043,-0.02048225319782085
1997-04,0.14356359078368364,0.0404,-0.057800000000000004,0.0007000000000000001,0.0043,0.13926359078368364
1997-05,-0.004328683260506727,0.0674,0.0519,-0.0412,0.0049,-0.009228683260506727
1997-06,0.030434602078145634,0.040999999999999995,0.0124,0.0159,0.0037,0.026734602078145632
1997-07,0.03586514849957445,0.0733,-0.0273,0.0029,0.0043,0.03156514849957445
1997-08,-0.1405293279268841,-0.0415,0.0731,0.012,0.0040999999999999995,-0.1446293279268841
1997-09,0.1591212958646837,0.0535,0.0253,0.0038,0.0044,0.15472129586468372
1997-10,-0.07786857501770406,-0.038,-0.0077,0.0225,0.0042,-0.08206857501770405
1997-11,0.01999960634047193,0.0298,-0.0513,0.011899999999999999,0.0039000000000000003,0.01609960634047193
1997-12,-2.220446049250313e-16,0.0132,-0.024700000000000003,0.038599999999999995,0.0048,-0.004800000000000222
1998-01,-0.019607464763860216,0.0015,-0.0106,-0.0159,0.0043,-0.023907464763860214
1998-02,-0.024444660779861405,0.0704,0.0034000000000000002,-0.0085,0.0039000000000000003,-0.028344660779861405
1998-03,-0.03488297272508212,0.047599999999999996,-0.0111,0.0141,0.0039000000000000003,-0.03878297272508212
1998-04,-0.004739202068393511,0.0073,0.0002,0.009000000000000001,0.0043,-0.009039202068393511
1998-05,-0.04761888271519521,-0.030699999999999998,-0.0335,0.034,0.004,-0.05161888271519521
1998-06,0.037499878547319954,0.0318,-0.0323,-0.0196,0.0040999999999999995,0.033399878547319954
1998-07,-0.05661675930765908,-0.0246,-0.049100000000000005,-0.0176,0.004,-0.060616759307659085
1998-08,-0.14177134290111582,-0.16079999999999997,-0.056799999999999996,0.036000000000000004,0.0043,-0.1460713429011158
1998-09,0.07171882923431339,0.061500000000000006,0.001,-0.0337,0.0046,0.06711882923431339
1998-10,0.08077987567803957,0.0713,-0.031200000000000002,-0.0229,0.0032,0.07757987567803958
1998-11,0.043814493623052675,0.061,0.012,-0.0323,0.0031,0.040714493623052676
1998-12,0.05062711486779792,0.0616,-0.0051,-0.0418,0.0038,0.04682711486779792
1999-01,-0.012935329831190057,0.035,0.0078000000000000005,-0.0462,0.0034999999999999996,-0.016435329831190056
1999-02,-0.004761971600452108,-0.0408,-0.060599999999999994,0.018799999999999997,0.0034999999999999996,-0.008261971600452108
1999-03,0.09920695354126474,0.0345,-0.0377,-0.0277,0.0043,0.09490695354126474
1999-04,-2.220446049250313e-16,0.0433,0.0395,0.0241,0.0037,-0.003700000000000222
1999-05,-0.05676806193022421,-0.0246,0.0337,0.023,0.0034000000000000002,-0.06016806193022421
1999-06,0.18518490078232408,0.04769999999999999,0.031400000000000004,-0.0326,0.004,0.18118490078232408
1999-07,0.09375034130732174,-0.0349,0.026000000000000002,-0.0042,0.0038,0.08995034130732174
1999-08,-0.10088619471268723,-0.0138,-0.009399999999999999,-0.0184,0.0039000000000000003,-0.10478619471268723
1999-09,-0.0061524190090247455,-0.0279,0.0344,-0.0348,0.0039000000000000003,-0.010052419009024746
1999-10,0.1042083278248116,0.061200000000000004,-0.0661,-0.0337,0.0039000000000000003,0.1003083278248116
1999-11,-0.013604038431966115,0.0337,0.0722,-0.0616,0.0036,-0.017204038431966114
1999-12,0.43329203602456223,0.07719999999999999,0.0699,-0.0832,0.0044,0.4288920360245622
2000-01,-0.10397948716828831,-0.047400000000000005,0.0579,-0.0189,0.0040999999999999995,-0.1080794871682883
2000-02,-0.06804581577012503,0.0245,0.2148,-0.0981,0.0043,-0.07234581577012503
2000-03,0.28172913637330455,0.052000000000000005,-0.1729,0.0823,0.004699999999999999,0.27702913637330456
2000-04,-0.03905754775241932,-0.064,-0.0663,0.0725,0.0046,-0.04365754775241932
2000-05,-0.08568316693397215,-0.044199999999999996,-0.0611,0.0483,0.005,-0.09068316693397216
2000-06,0.019841390155882488,0.0464,0.128,-0.08410000000000001,0.004,0.015841390155882488
2000-07,-0.09188962090005326,-0.025099999999999997,-0.0308,0.0833,0.0048,-0.09668962090005326
2000-08,0.031019491167586732,0.0703,-0.0063,-0.0137,0.005,0.02601949116758673
2000-09,-0.09831347854499906,-0.0545,-0.0173,0.0717,0.0051,-0.10341347854499905
2000-10,0.020764068199224273,-0.0276,-0.0393,0.0564,0.005600000000000001,0.015164068199224272
2000-11,-0.11081935845619462,-0.1072,-0.0339,0.1234,0.0051,-0.11591935845619461
2000-12,-0.11649178517473946,0.011899999999999999,0.0073,0.076,0.005,-0.12149178517473946
2001-01,0.08196962859355872,0.0313,0.0668,-0.051100000000000007,0.0054,0.07656962859355872
2001-02,0.02187651147823222,-0.1005,-0.0074,0.12480000000000001,0.0038,0.018076511478232218
2001-03,0.019110117319771414,-0.0726,0.0027,0.0643,0.0042,0.014910117319771415
2001-04,-0.04296847435103379,0.0794,0.005600000000000001,-0.046900000000000004,0.0039000000000000003,-0.04686847435103379
2001-05,0.05228227430475196,0.0072,0.025,0.0336,0.0032,0.04908227430475196
2001-06,-0.011228391848455033,-0.0194,0.06269999999999999,-0.0113,0.0028000000000000004,-0.014028391848455033
2001-07,-0.058906750076674896,-0.0213,-0.04190000000000001,0.0521,0.003,-0.0619067500766749
2001-08,-0.07843145409589214,-0.0646,0.0248,0.023,0.0031,-0.08153145409589214
2001-09,-0.14838128304814413,-0.0925,-0.0625,0.0146,0.0028000000000000004,-0.15118128304814413
2001-10,-0.05110887695745103,0.0246,0.07490000000000001,-0.0766,0.0022,-0.05330887695745103
2001-11,0.0548777191267904,0.0754,-0.004699999999999999,0.0222,0.0017000000000000001,0.0531777191267904
2001-12,-0.018111767044795224,0.016,0.0473,0.0085,0.0015,-0.019611767044795225
2002-01,0.02747255835776352,-0.0144,0.011899999999999999,0.0344,0.0014000000000000002,0.026072558357763523
2002-02,-0.01737944136720304,-0.0229,-0.01,0.0216,0.0013,-0.01867944136720304
2002-03,0.13450152460709952,0.0424,0.0421,0.0106,0.0013,0.13320152460709953
2002-04,-0.05709386503227254,-0.052000000000000005,0.0596,0.0388,0.0015,-0.05859386503227254
2002-05,0.009848498608496126,-0.0138,-0.0321,0.015300000000000001,0.0014000000000000002,0.008448498608496125
2002-06,-0.042802870578172336,-0.0721,0.042800000000000005,-0.0003,0.0013,-0.04410287057817234
2002-07,-0.09490538394364845,-0.0818,-0.0526,-0.0387,0.0015,-0.09640538394364845
2002-08,0.04315157478092346,0.005,-0.0287,0.0331,0.0014000000000000002,0.041751574780923464
2002-09,0.0256057818283435,-0.1035,0.024300000000000002,0.0144,0.0014000000000000002,0.0242057818283435
2002-10,-0.048923590897588465,0.0784,-0.0341,-0.0395,0.0014000000000000002,-0.05032359089758846
2002-11,0.08847772837928192,0.0596,0.0323,-0.0127,0.0012,0.08727772837928191
2002-12,0.0018899252547219803,-0.0576,0.0011,0.0213,0.0011,0.0007899252547219802
2003-01,-0.09811326782660157,-0.025699999999999997,0.013000000000000001,-0.0073,0.001,-0.09911326782660157
2003-02,-0.0066942162195082755,-0.018799999999999997,-0.0046,-0.0138,0.0009,-0.007594216219508275
2003-03,-0.04727100522050487,0.0109,0.0104,-0.019299999999999998,0.001,-0.04827100522050487
2003-04,0.007341439325653232,0.08220000000000001,0.0067,0.011699999999999999,0.001,0.006341439325653232
2003-05,0.05300374491418025,0.0605,0.0471,0.0053,0.0009,0.05210374491418025
2003-06,0.08640913906282743,0.014199999999999999,0.0174,0.0019,0.001,0.08540913906282743
2003-07,-0.009652112799203305,0.0235,0.051100000000000007,-0.011899999999999999,0.0007000000000000001,-0.010352112799203304
2003-08,0.07972665890063069,0.023399999999999997,0.0262,0.0154,0.0007000000000000001,0.07902665890063068
2003-09,0.08091803885811033,-0.0124,0.008,0.001,0.0008,0.08011803885811034
2003-10,-0.025692692644427306,0.0608,0.0263,0.0192,0.0007000000000000001,-0.026392692644427306
2003-11,0.026714757866885597,0.013500000000000002,0.02,0.0181,0.0007000000000000001,0.026014757866885597
2003-12,0.15410423195479006,0.0429,-0.0271,0.016,0.0008,0.15330423195479007
2004-01,-0.03418177556065949,0.0215,0.0254,0.0246,0.0007000000000000001,-0.03488177556065949
2004-02,0.041114431196422885,0.013999999999999999,-0.0152,0.0087,0.0006,0.04051443119642288
2004-03,0.08422687249011385,-0.0132,0.0175,0.0023,0.0009,0.08332687249011385
2004-04,-0.017315336088800204,-0.0183,-0.0174,-0.0302,0.0008,-0.018115336088800203
2004-05,-0.011746985889330652,0.011699999999999999,-0.0025,-0.0023,0.0006,-0.012346985889330652
2004-06,0.1281271689453678,0.018600000000000002,0.022799999999999997,0.0123,0.0008,0.1273271689453678
2004-07,-0.019848093314604798,-0.0406,-0.038,0.0322,0.001,-0.0208480933146048
2004-08,-0.010125044379981185,0.0008,-0.0149,0.01,0.0011,-0.011225044379981185
2004-09,-0.029663478308472047,0.016,0.0302,-0.0002,0.0011,-0.030763478308472047
2004-10,0.015841939271441507,0.0143,0.0015,-0.0025,0.0011,0.014741939271441507
2004-11,-0.03711812175076146,0.0454,0.0373,0.014499999999999999,0.0015,-0.03861812175076146
2004-12,0.09583715103595836,0.034300000000000004,-0.0003,-0.0021,0.0016,0.09423715103595835
2005-01,-0.04494949473990861,-0.0276,-0.0172,0.0207,0.0016,-0.04654949473990861
2005-02,-0.005243764172335408,0.0189,-0.005699999999999999,0.0154,0.0016,-0.006843764172335408
2005-03,-0.03753357100731736,-0.0197,-0.013999999999999999,0.020499999999999997,0.0021,-0.039633571007317354
2005-04,-0.022452056882376614,-0.026099999999999998,-0.0393,0.0005,0.0021,-0.024552056882376615
2005-05,-0.013753323813418317,0.0365,0.0288,-0.0059,0.0024,-0.016153323813418316
2005-06,-0.003068090167611892,0.005699999999999999,0.0259,0.0281,0.0023,-0.005368090167611892
2005-07,0.06112741279682399,0.0392,0.028999999999999998,-0.0078000000000000005,0.0024,0.05872741279682399
2005-08,0.08067488420813462,-0.012199999999999999,-0.0098,0.0134,0.003,0.07767488420813462
2005-09,0.13594723113042173,0.0049,-0.0067,0.0069,0.0029,0.13304723113042172
2005-10,0.004763230708063837,-0.0202,-0.0123,0.0040999999999999995,0.0027,0.002063230708063837
2005-11,0.042452455808529965,0.0361,0.009899999999999999,-0.012,0.0031,0.03935245580852997
2005-12,0.08134402919208572,-0.0025,-0.0040999999999999995,0.0022,0.0032,0.07814402919208573
2006-01,-0.008698398962042941,0.0304,0.0542,0.0109,0.0034999999999999996,-0.012198398962042941
2006-02,0.030469777148866894,-0.003,-0.004,-0.0037,0.0034000000000000002,0.027069777148866894
2006-03,0.02786549686226869,0.0146,0.0345,0.0055000000000000005,0.0037,0.02416549686226869
2006-04,0.07557395882409734,0.0073,-0.0143,0.023399999999999997,0.0036,0.07197395882409734
2006-05,-0.08324104187141779,-0.035699999999999996,-0.0298,0.0239,0.0043,-0.08754104187141779
2006-06,-0.02598230408015134,-0.0034999999999999996,-0.0038,0.008,0.004,-0.02998230408015134
2006-07,0.006023475665425382,-0.0078000000000000005,-0.039900000000000005,0.0262,0.004,0.0020234756654253817
2006-08,0.02965207863195385,0.0203,0.0101,-0.0204,0.0042,0.02545207863195385
2006-09,0.01322092405735531,0.0184,-0.0134,0.0006,0.0040999999999999995,0.00912092405735531
2006-10,0.0835627948401454,0.0323,0.0172,-0.0026,0.0040999999999999995,0.0794627948401454
2006-11,0.017372792866288567,0.0171,0.0072,0.0011,0.0042,0.013172792866288568
2006-12,0.11878390146188433,0.0087,-0.0113,0.0271,0.004,0.11478390146188433
2007-01,-0.018836846950771813,0.013999999999999999,0.0014000000000000002,-0.006999999999999999,0.0044,-0.023236846950771814
2007-02,0.01381077871285119,-0.0196,0.0118,-0.0012,0.0038,0.010010778712851191
2007-03,-0.03296834031383544,0.0068000000000000005,0.0015,-0.009399999999999999,0.0043,-0.03726834031383544
2007-04,-0.05259049775293423,0.0349,-0.0217,-0.0143,0.0044,-0.05699049775293423
2007-05,-0.005435464452819394,0.032400000000000005,0.0023,-0.0062,0.0040999999999999995,-0.009535464452819394
2007-06,0.04239742538015223,-0.0196,0.0076,-0.010700000000000001,0.004,0.03839742538015223
2007-07,-0.041706157775807995,-0.0373,-0.026099999999999998,-0.0373,0.004,-0.045706157775808
2007-08,-0.04103418612858989,0.0092,-0.0014000000000000002,-0.0189,0.0042,-0.04523418612858989
2007-09,0.02079345067533689,0.0322,-0.0222,-0.0223,0.0032,0.017593450675336887
2007-10,-0.02070857862413278,0.018000000000000002,0.0012,-0.0311,0.0032,-0.02390857862413278
2007-11,-0.017389218904613535,-0.0483,-0.029300000000000003,-0.009399999999999999,0.0034000000000000002,-0.020789218904613535
2007-12,-0.055846932075476086,-0.0087,0.0016,-0.0052,0.0027,-0.05854693207547609
2008-01,0.020250626932712512,-0.0636,-0.0098,0.0401,0.0021,0.01815062693271251
2008-02,0.00212310549989958,-0.030899999999999997,-0.0040999999999999995,-0.0084,0.0013,0.0008231054998995803
2008-03,-0.057801095497358346,-0.009300000000000001,0.0077,0.0034999999999999996,0.0017000000000000001,-0.059501095497358346
2008-04,0.006046042215567038,0.046,-0.0172,-0.0109,0.0018,0.004246042215567038
2008-05,0.005418842613217567,0.018600000000000002,0.029500000000000002,-0.015300000000000001,0.0018,0.003618842613217567
2008-06,-0.07888319113009257,-0.08439999999999999,0.0124,-0.027000000000000003,0.0017000000000000001,-0.08058319113009257
2008-07,-0.08457403055428458,-0.0077,0.0256,0.0527,0.0015,-0.08607403055428459
2008-08,0.041138777076000554,0.015300000000000001,0.035,0.0148,0.0013,0.03983877707600055
2008-09,-0.028467868984799805,-0.0924,-0.0124,0.059000000000000004,0.0015,-0.029967868984799806
2008-10,-0.11317044885415761,-0.1723,-0.0252,-0.0222,0.0008,-0.11397044885415761
2008-11,-0.17071893055872467,-0.0786,-0.0287,-0.063,0.0003,-0.17101893055872466
2008-12,0.03708403479399913,0.0174,0.0349,0.0007000000000000001,0.0,0.03708403479399913
2009-01,-0.029492689394936877,-0.0812,0.0018,-0.11109999999999999,0.0,-0.029492689394936877
2009-02,-0.0058259356635149695,-0.10099999999999999,0.0013,-0.0691,0.0001,-0.00592593566351497
2009-03,0.013682638332828345,0.0895,0.0,0.0334,0.0002,0.013482638332828345
2009-04,0.25055304541492407,0.1018,0.0528,0.0526,0.0001,0.2504530454149241
2009-05,0.012506058819891086,0.0521,-0.0252,0.0037,0.0,0.012506058819891086
2009-06,-0.05764174049580173,0.0043,0.026600000000000002,-0.027200000000000002,0.0001,-0.05774174049580173
2009-07,0.11452374500488838,0.07719999999999999,0.0187,0.0484,0.0001,0.11442374500488837
2009-08,0.011998608407391087,0.0333,-0.0108,0.07629999999999999,0.0001,0.011898608407391088
2009-09,-0.07111072184192413,0.0408,0.024300000000000002,0.0104,0.0001,-0.07121072184192413
2009-10,0.0040727664462032465,-0.0259,-0.0434,-0.042,0.0,0.0040727664462032465
2009-11,-0.004436443989511374,0.0556,-0.0239,-0.0033,0.0,-0.004436443989511374
2009-12,0.07155580479335288,0.0275,0.0604,-0.0017000000000000001,0.0001,0.07145580479335288
2010-01,-0.08507582949195092,-0.0336,0.004,0.0043,0.0,-0.08507582949195092
2010-02,-0.02818157242519892,0.034,0.011899999999999999,0.0322,0.0,-0.02818157242519892
2010-03,0.08410723728098857,0.06309999999999999,0.0148,0.022099999999999998,0.0001,0.08400723728098856
2010-04,-0.041407716498850444,0.02,0.0487,0.028900000000000002,0.0001,-0.04150771649885045
2010-05,-0.06161628544475917,-0.0789,0.0009,-0.024399999999999998,0.0001,-0.06171628544475917
2010-06,-0.052115149478290435,-0.0557,-0.0181,-0.047,0.0001,-0.05221514947829044
2010-07,0.024208933842971847,0.0693,0.0024,-0.003,0.0001,0.024108933842971848
2010-08,-0.03403117503121744,-0.04769999999999999,-0.029500000000000002,-0.0196,0.0001,-0.034131175031217445
2010-09,0.06380457528157124,0.09539999999999998,0.039599999999999996,-0.0317,0.0001,0.06370457528157124
2010-10,-0.010617364705629573,0.0388,0.0121,-0.024900000000000002,0.0001,-0.010717364705629572
2010-11,0.09700607792880156,0.006,0.0377,-0.0088,0.0001,0.09690607792880156
2010-12,0.0120995437961251,0.0682,0.0067,0.0378,0.0001,0.011999543796125101
2011-01,0.04514821160681404,0.0199,-0.024399999999999998,0.0077,0.0001,0.045048211606814034
2011-02,0.1353127602005706,0.0349,0.0147,0.0124,0.0001,0.1352127602005706
2011-03,-0.13184132686797922,0.0046,0.0256,-0.018799999999999997,0.0001,-0.13194132686797921
2011-04,-0.007102534065046795,0.028999999999999998,-0.0032,-0.0248,0.0,-0.007102534065046795
2011-05,0.045306148763501364,-0.0127,-0.006500000000000001,-0.02,0.0,0.045306148763501364
2011-06,-0.01044561251600895,-0.0175,-0.0014000000000000002,-0.0038,0.0,-0.01044561251600895
2011-07,-0.006066241223477986,-0.0235,-0.0129,-0.0091,0.0,-0.006066241223477986
2011-08,-0.12304702949899238,-0.0599,-0.030699999999999998,-0.024,0.0001,-0.12314702949899238
2011-09,-0.0432575086906386,-0.0759,-0.0333,-0.0175,0.0,-0.0432575086906386
2011-10,-0.022707286981782482,0.11349999999999999,0.033,0.0012,0.0,-0.022707286981782482
2011-11,-0.011992325544350257,-0.0028000000000000004,-0.0017000000000000001,-0.0046,0.0,-0.011992325544350257
2011-12,0.0033378962803161105,0.0074,-0.006,0.0161,0.0,0.0033378962803161105
2012-01,0.11114462079721688,0.050499999999999996,0.0206,-0.009399999999999999,0.0,0.11114462079721688
2012-02,0.12561238055763835,0.044199999999999996,-0.018600000000000002,0.0043,0.0,0.12561238055763835
2012-03,0.05847825928663575,0.0311,-0.0066,0.011200000000000002,0.0,0.05847825928663575
2012-04,-0.05805106658194825,-0.0085,-0.0040999999999999995,-0.0077,0.0,-0.05805106658194825
2012-05,-0.05979480204121157,-0.061900000000000004,0.0009,-0.0106,0.0001,-0.05989480204121157
2012-06,0.046690214298773736,0.038900000000000004,0.0064,0.0059,0.0,0.046690214298773736
2012-07,-0.049328968407564844,0.0079,-0.027200000000000002,-0.0012,0.0,-0.049328968407564844
2012-08,0.04064831111160694,0.0255,0.0048,0.013000000000000001,0.0001,0.040548311111606936
2012-09,-0.005559746694959844,0.0273,0.0054,0.0158,0.0001,-0.005659746694959844
2012-10,-0.013246381486235692,-0.0176,-0.011699999999999999,0.0356,0.0001,-0.013346381486235692
2012-11,0.11113935846428191,0.0078000000000000005,0.0060999999999999995,-0.0083,0.0001,0.11103935846428191
2012-12,0.08329488765541693,0.0118,0.0152,0.0353,0.0001,0.08319488765541692
2013-01,0.02273460412789019,0.0557,0.0031,0.0095,0.0,0.02273460412789019
2013-02,0.07580997628311303,0.0129,-0.0033,0.001,0.0,0.07580997628311303
2013-03,0.012767601282722696,0.0403,0.0083,-0.0023,0.0,0.012767601282722696
2013-04,0.13308670759824848,0.0155,-0.0236,0.005,0.0,0.13308670759824848
2013-05,0.010747814250832155,0.027999999999999997,0.0172,0.026699999999999998,0.0,0.010747814250832155
2013-06,0.026457021467427566,-0.012,0.0132,0.0005,0.0,0.026457021467427566
2013-07,0.010276747687384624,0.0565,0.0187,0.005699999999999999,0.0,0.010276747687384624
2013-08,-0.009105914235771895,-0.0271,0.0026,-0.0268,0.0,-0.009105914235771895
2013-09,0.06958972065475644,0.0377,0.028999999999999998,-0.0123,0.0,0.06958972065475644
2013-10,0.010856675552490147,0.0418,-0.015600000000000001,0.0126,0.0,0.010856675552490147
2013-11,-0.0337658143525813,0.0313,0.0129,0.0028000000000000004,0.0,-0.0337658143525813
2013-12,-0.025030019395851255,0.0281,-0.0046,-0.0001,0.0,-0.025030019395851255
2014-01,-0.05872720432433942,-0.0332,0.0092,-0.0202,0.0,-0.05872720432433942
2014-02,0.0047055896306364975,0.04650000000000001,0.0037,-0.0031,0.0,0.0047055896306364975
2014-03,-0.002835576769494863,0.0043,-0.0187,0.0492,0.0,-0.002835576769494863
2014-04,-0.03968128495430945,-0.0019,-0.042,0.011399999999999999,0.0,-0.03968128495430945
2014-05,0.043257875890649,0.0206,-0.0189,-0.0013,0.0,0.043257875890649
2014-06,0.05790817956280514,0.026099999999999998,0.030899999999999997,-0.0069,0.0,0.05790817956280514
2014-07,-0.013956346178403356,-0.0204,-0.042800000000000005,0.0002,0.0,-0.013956346178403356
2014-08,-0.03110433139591018,0.0424,0.0038,-0.0043,0.0,-0.03110433139591018
2014-09,0.03912313220778407,-0.0197,-0.037200000000000004,-0.013500000000000002,0.0,0.03912313220778407
2014-10,0.032502230834899004,0.0252,0.042199999999999994,-0.0183,0.0,0.032502230834899004
2014-11,0.014668292053134913,0.0255,-0.020499999999999997,-0.030899999999999997,0.0,0.014668292053134913
2014-12,0.01908568006967659,-0.0006,0.024900000000000002,0.0227,0.0,0.01908568006967659
2015-01,0.026856836440759535,-0.0311,-0.0054,-0.0361,0.0,0.026856836440759535
2015-02,0.05060118474112696,0.0613,0.006,-0.018600000000000002,0.0,0.05060118474112696
2015-03,0.048125242921678746,-0.011200000000000002,0.030699999999999998,-0.0040999999999999995,0.0,0.048125242921678746
2015-04,-0.0062192501706518355,0.0059,-0.0304,0.0183,0.0,-0.0062192501706518355
2015-05,-0.008128142545628991,0.013600000000000001,0.0092,-0.011200000000000002,0.0,-0.008128142545628991
2015-06,-0.030024078049783243,-0.015300000000000001,0.028999999999999998,-0.0078000000000000005,0.0,-0.030024078049783243
2015-07,-0.002168114329311188,0.0154,-0.042,-0.0407,0.0,-0.002168114329311188
2015-08,-0.11299275922056418,-0.0604,0.0036,0.027999999999999997,0.0,-0.11299275922056418
2015-09,0.004506994948267229,-0.030699999999999998,-0.0263,0.0058,0.0,0.004506994948267229
2015-10,0.04553228360240347,0.0775,-0.0187,-0.0045000000000000005,0.0,0.04553228360240347
2015-11,0.01467931275958767,0.005600000000000001,0.036000000000000004,-0.0038,0.0,0.01467931275958767
2015-12,-0.011091428584732443,-0.0217,-0.0281,-0.0259,0.0001,-0.011191428584732443
2016-01,-0.024463600903975813,-0.057699999999999994,-0.0339,0.0207,0.0001,-0.024563600903975812
2016-02,-0.13271689734122016,-0.0008,0.008100000000000001,-0.005699999999999999,0.0002,-0.13291689734122017
2016-03,0.0406186258534631,0.0696,0.0075,0.011000000000000001,0.0002,0.0404186258534631
2016-04,-0.043453740921215234,0.0092,0.0067,0.0321,0.0001,-0.04355374092121524
2016-05,0.016814116540800006,0.0178,-0.0019,-0.0165,0.0001,0.016714116540800007
2016-06,-0.0330722399427954,-0.0005,0.0059,-0.014499999999999999,0.0002,-0.0332722399427954
2016-07,0.11611148488114931,0.0395,0.025099999999999997,-0.0129,0.0002,0.1159114848811493
2016-08,0.08091412078390992,0.005,0.011699999999999999,0.0311,0.0002,0.08071412078390991
2016-09,-0.02326045727418824,0.0025,0.0213,-0.0121,0.0002,-0.02346045727418824
2016-10,-0.0034464466883549205,-0.0202,-0.0441,0.0412,0.0002,-0.0036464466883549206
2016-11,0.02481394647451296,0.048600000000000004,0.0567,0.0821,0.0001,0.02471394647451296
2016-12,-0.011220802125881946,0.0182,0.0009,0.036000000000000004,0.0003,-0.011520802125881946
2017-01,-0.012371932292588594,0.0194,-0.0113,-0.0274,0.0004,-0.012771932292588594
2017-02,-0.022462241169167618,0.035699999999999996,-0.0204,-0.0167,0.0004,-0.02286224116916762
2017-03,-0.022942655118229238,0.0017000000000000001,0.0113,-0.0333,0.0003,-0.02324265511822924
2017-04,-0.0044190951201000805,0.0109,0.0072,-0.0213,0.0005,-0.004919095120100081
2017-05,-0.005548507017965942,0.0106,-0.0252,-0.0375,0.0006,-0.006148507017965942
2017-06,-0.023433288082401638,0.0078000000000000005,0.0223,0.0149,0.0006,-0.024033288082401637
2017-07,0.07446239239783581,0.0187,-0.0146,-0.0022,0.0007000000000000001,0.0737623923978358
2017-08,0.001240503348711508,0.0016,-0.0165,-0.0207,0.0009,0.00034050334871150805
2017-09,0.07062877164623882,0.025099999999999997,0.044500000000000005,0.030899999999999997,0.0009,0.06972877164623882
2017-10,0.04053022004619611,0.0225,-0.019299999999999998,0.0022,0.0009,0.03963022004619611
2017-11,0.018871001248989883,0.031200000000000002,-0.005600000000000001,-0.0005,0.0008,0.018071001248989884
2017-12,0.006569595355917945,0.0106,-0.0132,0.0003,0.0009,0.005669595355917946
2018-01,0.0845323217460816,0.0558,-0.0318,-0.013600000000000001,0.0011,0.0834323217460816
2018-02,-0.02407170009809878,-0.0365,0.0026,-0.0103,0.0011,-0.02517170009809878
2018-03,-0.014581019576312082,-0.0235,0.0406,-0.0023,0.0012,-0.01578101957631208
2018-04,0.00467885967923487,0.0029,0.011000000000000001,0.0048,0.0014000000000000002,0.00327885967923487
2018-05,-0.02298053999405969,0.0265,0.053099999999999994,-0.0313,0.0014000000000000002,-0.02438053999405969
2018-06,0.006564050419964662,0.0048,0.0113,-0.0233,0.0014000000000000002,0.005164050419964662
2018-07,0.023522943292184628,0.0319,-0.0225,0.0045000000000000005,0.0016,0.021922943292184627
2018-08,-0.058859099714704155,0.0344,0.011399999999999999,-0.0398,0.0016,-0.06045909971470415
2018-09,0.01645933463848981,0.0006,-0.023,-0.017,0.0015,0.014959334638489809
2018-10,-0.05870524711030545,-0.0768,-0.0482,0.034300000000000004,0.0019,-0.060605247110305446
2018-11,0.037847147437181095,0.0169,-0.0068000000000000005,0.0026,0.0018,0.03604714743718109
2018-12,-0.044451784725620724,-0.0955,-0.0242,-0.019,0.0019,-0.04635178472562072
2019-01,0.06107848214525102,0.08410000000000001,0.028999999999999998,-0.0044,0.0021,0.058978482145251025
2019-02,-0.01729309321994621,0.034,0.0204,-0.0268,0.0018,-0.01909309321994621
2019-03,-0.024950452717901195,0.011000000000000001,-0.0298,-0.0405,0.0019,-0.026850452717901194
2019-04,0.04728009782549636,0.039599999999999996,-0.0174,0.0217,0.0021,0.04518009782549636
2019-05,-0.04870543640463154,-0.0694,-0.0134,-0.023700000000000002,0.0021,-0.05080543640463154
2019-06,0.05451600926117384,0.0693,0.0025,-0.0070999999999999995,0.0018,0.052716009261173834
2019-07,0.04080971110953291,0.011899999999999999,-0.0194,0.0042,0.0019,0.03890971110953291
2019-08,0.012243388141656597,-0.0258,-0.0232,-0.0495,0.0016,0.010643388141656596
2019-09,0.04335232926084376,0.0143,-0.0097,0.0683,0.0018,0.041552329260843755
2019-10,0.030188111931158668,0.0206,0.0028000000000000004,-0.019299999999999998,0.0015,0.028688111931158666
2019-11,0.011981106846552292,0.0387,0.008,-0.0202,0.0012,0.010781106846552292
2019-12,0.0023536162541299976,0.0277,0.0072,0.0179,0.0014000000000000002,0.0009536162541299974
2020-01,-0.012096195481324679,-0.0011,-0.0313,-0.062400000000000004,0.0013,-0.013396195481324678
2020-02,-0.05826841529187454,-0.08130000000000001,0.0103,-0.0379,0.0012,-0.05946841529187454
2020-03,-0.06627185098196386,-0.1338,-0.0489,-0.1402,0.0012,-0.06747185098196387
2020-04,0.030345931771765366,0.1365,0.024700000000000003,-0.0118,0.0,0.030345931771765366
2020-05,0.019580927465827402,0.0558,0.0245,-0.048,0.0001,0.019480927465827403
2020-06,-0.0030156148784733494,0.0246,0.0269,-0.0204,0.0001,-0.0031156148784733492
2020-07,-0.05006770100464086,0.057699999999999994,-0.022799999999999997,-0.015300000000000001,0.0001,-0.050167701004640866
2020-08,0.10968662184678468,0.07629999999999999,-0.0026,-0.0292,0.0001,0.10958662184678468
2020-09,0.015114516075137363,-0.0363,0.0002,-0.0262,0.0001,0.015014516075137364
2020-10,-0.008683224466911943,-0.021,0.0441,0.0416,0.0001,-0.008783224466911942
2020-11,0.02414503432380566,0.1247,0.0565,0.0213,0.0001,0.02404503432380566
2020-12,0.14956132805780165,0.0463,0.0482,-0.0143,0.0001,0.14946132805780166
2021-01,-0.09089741430562903,-0.0003,0.0712,0.029900000000000003,0.0,-0.09089741430562903
2021-02,0.05273259420177623,0.0278,0.0203,0.0718,0.0,0.05273259420177623
2021-03,0.07191161102337063,0.0308,-0.0241,0.0741,0.0,0.07191161102337063
2021-04,-0.03389713842879316,0.0493,-0.0311,-0.009300000000000001,0.0,-0.03389713842879316
2021-05,0.10088207025626605,0.0029,-0.0028000000000000004,0.0704,0.0,0.10088207025626605
2021-06,0.05337992221094412,0.0275,0.018000000000000002,-0.0776,0.0,0.05337992221094412
2021-07,0.028597567978379423,0.0127,-0.039599999999999996,-0.0175,0.0,0.028597567978379423
2021-08,-0.031194366881813096,0.028999999999999998,-0.0048,-0.0013,0.0,-0.031194366881813096
2021-09,0.03191461090282144,-0.0437,0.008,0.0509,0.0,0.03191461090282144
2021-10,-0.0007313917457806296,0.0665,-0.022799999999999997,-0.0045000000000000005,0.0,-0.0007313917457806296
